
CREATE DATABASE MINTIC_CICLO3;


USE MINTIC_CICLO3;

CREATE TABLE LIBROS (ID_Libro NVARCHAR(4),Nombre_Libro NVARCHAR(200),Autor NVARCHAR(200),Estado NVARCHAR(20));
INSERT INTO LIBROS VALUES ('0001','Drácula','Bram Stoker','Disponible');
INSERT INTO LIBROS VALUES ('0002','Frankenstein','Mary Shelley','En prestamo');
INSERT INTO LIBROS VALUES ('0003','Poema de Gilgamesh','Anónimo','Disponible');
INSERT INTO LIBROS VALUES ('0004','Libro de Job (de la Biblia);','Anónimo','Disponible');
INSERT INTO LIBROS VALUES ('0005','Las mil y una noches','Anónimo','En prestamo');
INSERT INTO LIBROS VALUES ('0006','Saga de Njál','Anónimo','Disponible');
INSERT INTO LIBROS VALUES ('0007','Todo se desmorona','Chinua Achebe','Disponible');
INSERT INTO LIBROS VALUES ('0008','Cuentos infantiles','Hans Christian Andersen','En prestamo');
INSERT INTO LIBROS VALUES ('0009','Divina comedia','Dante Alighieri','Disponible');
INSERT INTO LIBROS VALUES ('0010','Orgullo y prejuicio','Jane Austen','En prestamo');
INSERT INTO LIBROS VALUES ('0011','Papá Goriot','Honoré de Balzac','En prestamo');
INSERT INTO LIBROS VALUES ('0012','Molloy, Malone muere, El Innombrable, una trilogía','Samuel Beckett Nobel prize medal mod.png','Disponible');
INSERT INTO LIBROS VALUES ('0013','Decamerón','Giovanni Boccaccio','Disponible');
INSERT INTO LIBROS VALUES ('0014','Ficciones','Jorge Luis Borges','Disponible');
INSERT INTO LIBROS VALUES ('0015','Cumbres Borrascosas','Emily Brontë','Disponible');
INSERT INTO LIBROS VALUES ('0016','El extranjero','Albert Camus Nobel prize medal mod.png','En prestamo');
INSERT INTO LIBROS VALUES ('0017','Poemas','Paul Celan','Disponible');
INSERT INTO LIBROS VALUES ('0018','Viaje al fin de la noche','Louis-Ferdinand Céline','Disponible');
INSERT INTO LIBROS VALUES ('0019','Don Quijote de la Mancha','Miguel de Cervantes','Disponible');
INSERT INTO LIBROS VALUES ('0020','Los cuentos de Canterbury','Geoffrey Chaucer','Disponible');
INSERT INTO LIBROS VALUES ('0021','Relatos cortos','Antón Chéjov','En prestamo');
INSERT INTO LIBROS VALUES ('0022','Nostromo','Joseph Conrad','Disponible');
INSERT INTO LIBROS VALUES ('0023','Grandes Esperanzas','Charles Dickens','Disponible');
INSERT INTO LIBROS VALUES ('0024','Jacques el fatalista','Denis Diderot','En prestamo');
INSERT INTO LIBROS VALUES ('0025','Berlin Alexanderplatz','Alfred Döblin','Disponible');
INSERT INTO LIBROS VALUES ('0026','Crimen y castigo','Fiódor Dostoievski','Disponible');
INSERT INTO LIBROS VALUES ('0027','El idiota','Fiódor Dostoievski','En prestamo');
INSERT INTO LIBROS VALUES ('0028','Los endemoniados','Fiódor Dostoievski','Disponible');
INSERT INTO LIBROS VALUES ('0029','Los hermanos Karamazov','Fiódor Dostoievski','Disponible');
INSERT INTO LIBROS VALUES ('0030','Middlemarch','George Eliot','Disponible');
INSERT INTO LIBROS VALUES ('0031','El hombre invisible','Ralph Ellison','Disponible');
INSERT INTO LIBROS VALUES ('0032','Medea','Eurípides','En prestamo');
INSERT INTO LIBROS VALUES ('0033','¡Absalom, Absalom!','William Faulkner Nobel prize medal mod.png','Disponible');
INSERT INTO LIBROS VALUES ('0034','El ruido y la furia','William Faulkner Nobel prize medal mod.png','Disponible');
INSERT INTO LIBROS VALUES ('0035','Madame Bovary','Gustave Flaubert','Disponible');
INSERT INTO LIBROS VALUES ('0036','La educación sentimental','Gustave Flaubert','En prestamo');
INSERT INTO LIBROS VALUES ('0037','Romancero gitano','Federico García Lorca','En prestamo');
INSERT INTO LIBROS VALUES ('0038','Cien años de soledad','Gabriel García Márquez Nobel prize medal mod.png','En prestamo');
INSERT INTO LIBROS VALUES ('0039','El amor en los tiempos del cólera','Gabriel García Márquez Nobel prize medal mod.png','Disponible');
INSERT INTO LIBROS VALUES ('0040','Fausto','Johann Wolfgang von Goethe','Disponible');
INSERT INTO LIBROS VALUES ('0041','Almas muertas','Nikolai Gogol','Disponible');
INSERT INTO LIBROS VALUES ('0042','El tambor de hojalata','Günter Grass Nobel prize medal mod.png','En prestamo');
INSERT INTO LIBROS VALUES ('0043','Gran Sertón: Veredas','João Guimarães Rosa','En prestamo');
INSERT INTO LIBROS VALUES ('0044','Hambre','Knut Hamsun Nobel prize medal mod.png','Disponible');
INSERT INTO LIBROS VALUES ('0045','El viejo y el mar','Ernest Hemingway Nobel prize medal mod.png','Disponible');
INSERT INTO LIBROS VALUES ('0046','Ilíada','Homero','Disponible');
INSERT INTO LIBROS VALUES ('0047','Odisea','Homero','Disponible');
INSERT INTO LIBROS VALUES ('0048','Casa de muñecas','Henrik Ibsen','Disponible');
INSERT INTO LIBROS VALUES ('0049','Ulises','James Joyce','En prestamo');
INSERT INTO LIBROS VALUES ('0050','Relatos cortos','Franz Kafka','En prestamo');
INSERT INTO LIBROS VALUES ('0051','El proceso','Franz Kafka','Disponible');
INSERT INTO LIBROS VALUES ('0052','El castillo','Franz Kafka','En prestamo');
INSERT INTO LIBROS VALUES ('0053','Shakuntala','Kālidāsa','Disponible');
INSERT INTO LIBROS VALUES ('0054','El sonido de la montaña','Yasunari Kawabata Nobel prize medal mod.png','En prestamo');
INSERT INTO LIBROS VALUES ('0055','Zorba, el griego','Nikos Kazantzakis','En prestamo');
INSERT INTO LIBROS VALUES ('0056','Hijos y amantes','D. H. Lawrence','Disponible');
INSERT INTO LIBROS VALUES ('0057','Gente independiente','Halldór Laxness Nobel prize medal mod.png','Disponible');
INSERT INTO LIBROS VALUES ('0058','Poemas','Giacomo Leopardi','En prestamo');
INSERT INTO LIBROS VALUES ('0059','El cuaderno dorado','Doris Lessing Nobel prize medal mod.png','Disponible');
INSERT INTO LIBROS VALUES ('0060','Pippi Calzaslargas','Astrid Lindgren','Disponible');
INSERT INTO LIBROS VALUES ('0061','Diario de un loco','Lu Xun','Disponible');
INSERT INTO LIBROS VALUES ('0062','Hijos de nuestro barrio','Naguib Mahfuz Nobel prize medal mod.png','En prestamo');
INSERT INTO LIBROS VALUES ('0063','Los Buddenbrook','Thomas Mann Nobel prize medal mod.png','En prestamo');
INSERT INTO LIBROS VALUES ('0064','La montaña mágica','Thomas Mann Nobel prize medal mod.png','Disponible');
INSERT INTO LIBROS VALUES ('0065','Moby-Dick','Herman Melville','En prestamo');
INSERT INTO LIBROS VALUES ('0066','Ensayos','Michel de Montaigne','En prestamo');
INSERT INTO LIBROS VALUES ('0067','La historia','Elsa Morante','Disponible');
INSERT INTO LIBROS VALUES ('0068','Beloved','Toni Morrison Nobel prize medal mod.png','En prestamo');
INSERT INTO LIBROS VALUES ('0069','Genji Monogatari','Murasaki Shikibu','Disponible');
INSERT INTO LIBROS VALUES ('0070','El hombre sin atributos','Robert Musil','En prestamo');
INSERT INTO LIBROS VALUES ('0071','Lolita','Vladimir Nabokov','Disponible');
INSERT INTO LIBROS VALUES ('0072','1984','George Orwell','Disponible');
INSERT INTO LIBROS VALUES ('0073','Las metamorfosis','Ovidio','En prestamo');
INSERT INTO LIBROS VALUES ('0074','Libro del desasosiego','Fernando Pessoa','En prestamo');
INSERT INTO LIBROS VALUES ('0075','Cuentos','Edgar Allan Poe','Disponible');
INSERT INTO LIBROS VALUES ('0076','En busca del tiempo perdido','Marcel Proust','En prestamo');
INSERT INTO LIBROS VALUES ('0077','Gargantúa y Pantagruel','François Rabelais','En prestamo');
INSERT INTO LIBROS VALUES ('0078','Pedro Páramo','Juan Rulfo','En prestamo');
INSERT INTO LIBROS VALUES ('0079','Masnavi','Rumi','Disponible');
INSERT INTO LIBROS VALUES ('0080','Hijos de la medianoche','Salman Rushdie','En prestamo');
INSERT INTO LIBROS VALUES ('0081','Bostan','Saadi','Disponible');
INSERT INTO LIBROS VALUES ('0082','Tiempo de migrar al norte','Tayeb Salih','Disponible');
INSERT INTO LIBROS VALUES ('0083','Ensayo sobre la ceguera','José Saramago Nobel prize medal mod.png','Disponible');
INSERT INTO LIBROS VALUES ('0084','Hamlet','William Shakespeare','Disponible');
INSERT INTO LIBROS VALUES ('0085','El rey Lear','William Shakespeare','Disponible');
INSERT INTO LIBROS VALUES ('0086','Otelo','William Shakespeare','Disponible');
INSERT INTO LIBROS VALUES ('0087','Edipo rey','Sófocles','Disponible');
INSERT INTO LIBROS VALUES ('0088','Rojo y negro','Stendhal','En prestamo');
INSERT INTO LIBROS VALUES ('0089','Vida y opiniones del caballero Tristram Shandy','Laurence Sterne','En prestamo');
INSERT INTO LIBROS VALUES ('0090','La conciencia de Zeno','Italo Svevo','En prestamo');
INSERT INTO LIBROS VALUES ('0091','Los viajes de Gulliver','Jonathan Swift','En prestamo');
INSERT INTO LIBROS VALUES ('0092','Guerra y paz','Lev Tolstói','En prestamo');
INSERT INTO LIBROS VALUES ('0093','Ana Karenina','Lev Tolstói','En prestamo');
INSERT INTO LIBROS VALUES ('0094','La muerte de Iván Ilich','Lev Tolstói','En prestamo');
INSERT INTO LIBROS VALUES ('0095','Las aventuras de Huckleberry Finn','Mark Twain','Disponible');
INSERT INTO LIBROS VALUES ('0096','Ramayana','Valmiki','Disponible');
INSERT INTO LIBROS VALUES ('0097','Eneida','Virgilio','En prestamo');
INSERT INTO LIBROS VALUES ('0098','Mahabhárata','Viasa','Disponible');
INSERT INTO LIBROS VALUES ('0099','Hojas de hierba','Walt Whitman','En prestamo');
INSERT INTO LIBROS VALUES ('0100','La señora Dalloway','Virginia Woolf','Disponible');
INSERT INTO LIBROS VALUES ('0101','Al faro','Virginia Woolf','Disponible');
INSERT INTO LIBROS VALUES ('0102','Memorias de Adriano','Marguerite Yourcenar','Disponible');


CREATE TABLE USUARIOS (ID_User NVARCHAR(10),Nombre_Usuario NVARCHAR(200),Direccion_Usuario NVARCHAR(200));
INSERT INTO USUARIOS VALUES ('1017253918','Yvonne Young','234 Christopher Hollow North Katherinechester, ME 62575');
INSERT INTO USUARIOS VALUES ('1003915056','Jennifer Burns','10043 Brown Drive Suite 726 Tinaberg, NH 75951');
INSERT INTO USUARIOS VALUES ('1026340432','Mark Hughes','8452 Sullivan Harbor Suite 652 Brownfurt, IA 20237');
INSERT INTO USUARIOS VALUES ('1005000945','Kelly Price','969 Kelley Street Suite 452 Cohenborough, TN 38505');
INSERT INTO USUARIOS VALUES ('1023062519','Brandon Hayden','2650 Rebekah Course Apt. 958 North Vincentmouth, NH 14954');
INSERT INTO USUARIOS VALUES ('1002369615','Bryce Dawson','PSC 5368, Box 5682 APO AP 86609');
INSERT INTO USUARIOS VALUES ('1020632025','Edwin Salinas','3810 Howell Lodge East Eric, LA 65548');
INSERT INTO USUARIOS VALUES ('1029255346','Jennifer George','733 Karen Plains Smithburgh, SD 41214');
INSERT INTO USUARIOS VALUES ('1032230795','Chad Hammond','553 Antonio Summit Apt. 202 Carolynmouth, CO 36062');
INSERT INTO USUARIOS VALUES ('1000647363','Mary Jones','84259 Martinez Corners Apt. 680 Tanyaton, MD 04555');
INSERT INTO USUARIOS VALUES ('1002185200','Steven Parks','315 May Causeway Christopherfurt, FL 45002');
INSERT INTO USUARIOS VALUES ('1013567368','Glen Reed','2917 Stanton Circle South Philliptown, LA 68162');
INSERT INTO USUARIOS VALUES ('1006035410','Ashley Garrett','95285 Malone Stream Chasechester, FL 03540');
INSERT INTO USUARIOS VALUES ('1022887174','Michelle Soto','46013 Kari Mountains Apt. 691 Sandramouth, WV 82266');
INSERT INTO USUARIOS VALUES ('1004456705','Aaron Ortiz Jr.','033 Cabrera Corners Apt. 321 Lake Michaelmouth, UT 23543');
INSERT INTO USUARIOS VALUES ('1023657363','Samuel Mathis','48254 Gonzales Points Kevinmouth, NY 83754');
INSERT INTO USUARIOS VALUES ('1031986532','Sandra Austin','088 Levi Crossroad Nguyenview, UT 21606');
INSERT INTO USUARIOS VALUES ('1020432741','Ashley Ellis','3327 Lori Branch East Melanie, KS 66027');
INSERT INTO USUARIOS VALUES ('1017615918','Sarah Rodriguez','96481 Jessica Summit New Jessica, LA 19794');
INSERT INTO USUARIOS VALUES ('1007417425','Melanie Bishop','41852 Davis Spur East Pamelachester, WV 13710');
INSERT INTO USUARIOS VALUES ('1002387168','Robert Hall','6560 Stokes Skyway Suite 351 Jeffreyshire, CT 95732');
INSERT INTO USUARIOS VALUES ('1020496949','Alexander Carson','1262 Rodriguez Summit South Jacobmouth, IN 56467');
INSERT INTO USUARIOS VALUES ('1021801511','Christopher King','1566 Adrian Villages Baxterport, MT 13203');
INSERT INTO USUARIOS VALUES ('1028517872','Timothy Wang','47122 Patel Estate Petersonmouth, NH 07258');
INSERT INTO USUARIOS VALUES ('1027538685','Thomas Collins','16164 Alvarez Crossroad Apt. 631 Danielsstad, NV 57982');
INSERT INTO USUARIOS VALUES ('1012228726','Linda Morales','6065 Michael Walks Apt. 871 South Crystalmouth, NM 31489');
INSERT INTO USUARIOS VALUES ('1008070647','Casey Todd','57909 Natalie Lock Suite 614 Port Kayla, GA 65151');
INSERT INTO USUARIOS VALUES ('1023540356','Cameron Rios','31856 Green Court Suite 269 Port Sierramouth, OH 79283');
INSERT INTO USUARIOS VALUES ('1024561098','Cindy Davis','Unit 8898 Box 1031 DPO AP 54916');
INSERT INTO USUARIOS VALUES ('1000249749','Kristine Foster','117 Valdez Stravenue East Cassandraburgh, NE 80254');
INSERT INTO USUARIOS VALUES ('1019574644','Michael Chavez','20671 Black Estate New Edwardton, NV 18181');
INSERT INTO USUARIOS VALUES ('1002991869','Alison Lewis','2706 Ray Freeway North Tanyabury, MT 14811');
INSERT INTO USUARIOS VALUES ('1014722793','Kelly Davis','76275 Rodriguez Extensions Apt. 025 Kathleenberg, TN 00955');
INSERT INTO USUARIOS VALUES ('1013161246','Kimberly Knox','5619 Philip Circle Apt. 861 Ericville, LA 80177');
INSERT INTO USUARIOS VALUES ('1000136763','Tommy Steele','040 Cook Alley Victoriaport, WA 57519');
INSERT INTO USUARIOS VALUES ('1012656932','Adam Craig','84751 Wright Trail Thompsonborough, NC 70603');
INSERT INTO USUARIOS VALUES ('1010296670','Robert Mccoy','952 Lewis Springs North Kathrynview, DE 50392');
INSERT INTO USUARIOS VALUES ('1008814251','Larry Martinez','22342 Terry Spurs Gamblechester, NJ 08076');
INSERT INTO USUARIOS VALUES ('1001767137','Robert Rhodes','Unit 1268 Box 6224 DPO AA 43133');
INSERT INTO USUARIOS VALUES ('1031428566','Stephanie Conway','9695 Arias Pass South Christina, CA 91191');
INSERT INTO USUARIOS VALUES ('1008461018','Austin Gonzalez','03918 Christopher Turnpike Lake Bradleyview, TN 04103');
INSERT INTO USUARIOS VALUES ('1012814943','Maurice White Jr.','341 Reginald Crossing Port Timothyburgh, IA 63320');
INSERT INTO USUARIOS VALUES ('1010981420','Nicholas Crawford','138 April Track Lake Karen, SC 45321');
INSERT INTO USUARIOS VALUES ('1026697423','Laura Lawson','USNS Kelly FPO AA 41829');
INSERT INTO USUARIOS VALUES ('1024731869','Carla Thompson','7423 George Estate Suite 230 Mitchellview, MI 10270');
INSERT INTO USUARIOS VALUES ('1028861917','Victoria Burton','Unit 0442 Box 4919 DPO AP 68740');
INSERT INTO USUARIOS VALUES ('1029471542','Anthony Hill','224 Tammy Flat Apt. 884 Christopherfort, MD 41534');
INSERT INTO USUARIOS VALUES ('1000938939','Molly Spears','08599 Beverly Tunnel Melindabury, ME 70789');
INSERT INTO USUARIOS VALUES ('1021381253','Courtney Lewis DDS','850 James Drive Suite 532 East Jamesland, NH 87161');
INSERT INTO USUARIOS VALUES ('1023482721','Bryan Carey','522 Villa Camp Apt. 277 Tammyfurt, ND 15454');
INSERT INTO USUARIOS VALUES ('1023168897','Elizabeth Perez','84930 Duran Springs Apt. 923 New Kyleshire, MT 63611');
INSERT INTO USUARIOS VALUES ('1009859151','Andrew Fisher','Unit 2024 Box 6156 DPO AA 04827');
INSERT INTO USUARIOS VALUES ('1016493382','Susan Cooper','61724 Joshua Road West Angela, DE 99319');
INSERT INTO USUARIOS VALUES ('1015419214','Jennifer Cox','0746 Gregory Plains Suite 366 Port Victoria, IL 68903');
INSERT INTO USUARIOS VALUES ('1009256872','Brenda Hoffman','090 Jeffrey Fords Suite 520 Amyborough, FL 17311');
INSERT INTO USUARIOS VALUES ('1017636053','Diana Taylor','638 Alyssa Radial Suite 745 Nashtown, MA 49600');
INSERT INTO USUARIOS VALUES ('1022246690','Meghan Huber','1580 Jonathan Common Suite 012 North Sarah, WI 26147');
INSERT INTO USUARIOS VALUES ('1002163300','Richard Parker','876 Keith Drive Apt. 092 Danielburgh, LA 37903');
INSERT INTO USUARIOS VALUES ('1020653919','Robin Moore','93292 Norton Tunnel Leeburgh, SC 10421');
INSERT INTO USUARIOS VALUES ('1031967972','Veronica Gilmore','51515 Miller Overpass Reginaton, AR 84700');
INSERT INTO USUARIOS VALUES ('1020924874','John Fisher','70387 Bryant Ford New Ryan, IN 61786');
INSERT INTO USUARIOS VALUES ('1005204211','Robert Hoffman','192 Walker Port Apt. 714 East Robert, LA 39066');
INSERT INTO USUARIOS VALUES ('1005449139','Devin English','329 Velazquez Camp Port Kenneth, MS 39393');
INSERT INTO USUARIOS VALUES ('1023121965','Katherine Simpson','4439 Ronald Crossroad Lake Jesusbury, HI 91131');
INSERT INTO USUARIOS VALUES ('1007426372','Charlene Hayes','887 Victor Ranch Apt. 263 North Andrew, OR 09452');
INSERT INTO USUARIOS VALUES ('1005067367','Robert Gillespie','474 Davis Fort Suite 049 Markton, IA 15191');
INSERT INTO USUARIOS VALUES ('1014795189','Evelyn Peterson','4243 Ashley Mills Lake Darinfort, VA 20205');
INSERT INTO USUARIOS VALUES ('1015317913','James Harris','6582 Steven Ports Suite 764 New Amandatown, MS 85733');
INSERT INTO USUARIOS VALUES ('1027887442','Thomas Cox','75904 Wagner Port Suite 928 Sandrafurt, WY 34054');
INSERT INTO USUARIOS VALUES ('1002707882','Jonathan Jones','298 Tiffany Point Chelsealand, VA 10832');
INSERT INTO USUARIOS VALUES ('1006958012','Amanda Goodwin','Unit 6082 Box 9882 DPO AE 25765');
INSERT INTO USUARIOS VALUES ('1032850206','Kimberly French','283 Christian Street Apt. 248 Wrightview, NJ 90202');
INSERT INTO USUARIOS VALUES ('1018254929','Teresa Bowen','41361 Charles Pines East Chelseabury, MS 40002');
INSERT INTO USUARIOS VALUES ('1023069055','Suzanne Murray','789 Lisa Ville Apt. 588 Blackwellview, NY 32016');
INSERT INTO USUARIOS VALUES ('1028768732','Amber Wilson','08080 Kimberly Fork Apt. 014 West Hollyburgh, NH 97672');
INSERT INTO USUARIOS VALUES ('1027796900','Cynthia Anderson','346 Melissa Hills Suite 009 South Meredithstad, UT 51614');
INSERT INTO USUARIOS VALUES ('1010844121','Dominique Jones','6427 Ryan Drive Suite 193 Lake Madison, AR 90483');
INSERT INTO USUARIOS VALUES ('1024956312','Hailey Lyons','4652 Hannah Crescent Suite 027 Carolfurt, CO 90469');
INSERT INTO USUARIOS VALUES ('1031338712','Kevin Beck','339 Diaz Harbors Kennethton, LA 59195');
INSERT INTO USUARIOS VALUES ('1002760019','Dana Booth','514 James Knoll Suite 014 Smithshire, NJ 02275');
INSERT INTO USUARIOS VALUES ('1022024216','Joe Trujillo','5299 Jeffrey Parkways Lake Danielland, NV 42585');
INSERT INTO USUARIOS VALUES ('1011580591','Michael Mcpherson Jr.','USNV Chang FPO AE 52740');
INSERT INTO USUARIOS VALUES ('1032844579','Dean Drake','0437 Rush Loaf Lake Douglasborough, ME 17893');
INSERT INTO USUARIOS VALUES ('1009209435','Sylvia Richardson','2669 Matthew Mountain Randyshire, DC 72478');
INSERT INTO USUARIOS VALUES ('1030940400','Devin Wood','957 Sarah Dam Apt. 963 Lake Toddburgh, KS 07831');
INSERT INTO USUARIOS VALUES ('1029247787','Michael Green','13425 Perry Stream East Gabriel, DE 27651');
INSERT INTO USUARIOS VALUES ('1024572934','Timothy Mcpherson','PSC 1996, Box 5144 APO AE 22092');
INSERT INTO USUARIOS VALUES ('1030899148','Jennifer Riley','24198 Henderson Lake Frostview, NM 50224');
INSERT INTO USUARIOS VALUES ('1004004831','Gregory Miller','5321 Rodriguez Village New Helen, VT 47389');
INSERT INTO USUARIOS VALUES ('1021969841','Sarah Blackburn','233 Davis Mill Apt. 807 Amytown, ME 41782');
INSERT INTO USUARIOS VALUES ('1005977440','Austin Johnson','528 Thompson Passage Suite 949 Jackieborough, NE 82041');
INSERT INTO USUARIOS VALUES ('1017581922','Lauren Holder','8062 Reese Causeway Apt. 837 Gabriellebury, FL 26709');
INSERT INTO USUARIOS VALUES ('1005910105','Justin Hughes','9181 Joe Burg Apt. 603 South Robert, NC 34261');
INSERT INTO USUARIOS VALUES ('1025614743','Kenneth Campbell','9993 Bailey Garden Suite 814 South Lisafort, AR 72681');
INSERT INTO USUARIOS VALUES ('1029834204','Taylor Stokes','3273 Jessica Camp Apt. 621 Leeburgh, HI 77418');
INSERT INTO USUARIOS VALUES ('1008107650','Jason Williams','3318 Dylan Freeway Jonesborough, OH 45673');
INSERT INTO USUARIOS VALUES ('1016202240','Ashley Jenkins','PSC 5105, Box 1075 APO AP 50570');
INSERT INTO USUARIOS VALUES ('1003195616','David Morrison','061 Fox Port East Phillipside, FL 47642');
INSERT INTO USUARIOS VALUES ('1015940871','Tony Johnson','70232 Brandon Mission Dudleyberg, OH 02282');
INSERT INTO USUARIOS VALUES ('1016825573','Sheila Lawrence','Unit 3367 Box 4396 DPO AE 54337');
INSERT INTO USUARIOS VALUES ('1019037266','Sarah Bentley','17593 Garcia Highway North Leslie, AZ 01028');
INSERT INTO USUARIOS VALUES ('1018585126','Aaron Allen','8937 Patterson Keys West Anthonyland, MS 94197');
INSERT INTO USUARIOS VALUES ('1025922370','Patrick Hendrix','985 Courtney Ports Lake Codyview, GA 62027');
INSERT INTO USUARIOS VALUES ('1006047116','Dennis Lewis','67302 Joan Keys Ronaldshire, VT 00673');
INSERT INTO USUARIOS VALUES ('1032627035','Ms. Zoe Ruiz','14373 Mitchell Mountains Apt. 332 Ramirezview, VA 01236');
INSERT INTO USUARIOS VALUES ('1031110892','David Kelly','9483 Thomas Meadow Apt. 444 Spencerville, NH 39739');
INSERT INTO USUARIOS VALUES ('1009455230','Brittany Boyle','55016 Miranda Branch Port Leahburgh, WY 17473');
INSERT INTO USUARIOS VALUES ('1004623800','Rodney Padilla','195 Wilson Skyway West Patrick, ID 78848');
INSERT INTO USUARIOS VALUES ('1010566927','Brenda Bennett','PSC 7505, Box 0301 APO AP 20045');
INSERT INTO USUARIOS VALUES ('1031742960','James Wolfe','212 Everett Views Suite 327 New Annatown, IL 70812');
INSERT INTO USUARIOS VALUES ('1026714130','Christopher Jones','6612 Tracie Summit Suite 257 Kathyland, AL 45803');
INSERT INTO USUARIOS VALUES ('1012419892','Nicholas Larsen','9845 James Ford Erikaview, MT 77667');
INSERT INTO USUARIOS VALUES ('1007144555','Sabrina Maxwell','PSC 5341, Box 1841 APO AP 10922');
INSERT INTO USUARIOS VALUES ('1022877335','Theodore Shelton','4809 Michael Vista Apt. 547 North Lisa, SD 67348');
INSERT INTO USUARIOS VALUES ('1010938005','James Robinson','9777 Stone Spurs New Erin, SD 81025');
INSERT INTO USUARIOS VALUES ('1028533595','John Martinez','76875 Amanda Turnpike Suite 678 North Danielview, CA 87967');
INSERT INTO USUARIOS VALUES ('1027311277','Alyssa Gibson','8958 Michael Roads Suite 307 East Dean, MT 53769');
INSERT INTO USUARIOS VALUES ('1029847803','Darrell Payne','USCGC Spencer FPO AE 59110');
INSERT INTO USUARIOS VALUES ('1022977707','Keith Ware','026 Brady Avenue Suite 180 Mullenhaven, AR 25667');
INSERT INTO USUARIOS VALUES ('1026320575','Bradley Parks','524 Coleman Village Apt. 934 North Michelle, MT 86572');
INSERT INTO USUARIOS VALUES ('1001779803','Frank Davis','62035 Charles Isle Apt. 069 Georgefort, CO 32796');
INSERT INTO USUARIOS VALUES ('1012962412','Jessica Wilson','601 Sabrina Points Port Wendychester, GA 18716');
INSERT INTO USUARIOS VALUES ('1024884815','Kelsey Noble','648 Alec Camp Suite 691 South Anitahaven, MO 86575');
INSERT INTO USUARIOS VALUES ('1001862412','Jeffrey Ortega','118 Perez Track Salinasstad, MS 48034');
INSERT INTO USUARIOS VALUES ('1015638584','Anthony Taylor','79600 Salas Field New Saraview, OR 19536');
INSERT INTO USUARIOS VALUES ('1032800725','Michael Miller','0624 Butler Brook Apt. 715 New Williamshire, IA 24528');
INSERT INTO USUARIOS VALUES ('1005537286','Anthony Monroe','50248 Sharon Crossroad Apt. 038 Hopkinsborough, IA 60406');
INSERT INTO USUARIOS VALUES ('1031352196','Alejandro Martinez','6640 Vanessa Island Apt. 854 Tylerland, CA 29182');
INSERT INTO USUARIOS VALUES ('1002047272','Julie Jackson','8069 Daniel Ports South Tanya, VA 20459');
INSERT INTO USUARIOS VALUES ('1026351928','Andrea Parsons','72993 Paul Spring Apt. 475 Ashleyborough, MN 45716');


CREATE TABLE PRESTAMOS (ID_Libro NVARCHAR(4),ID_User NVARCHAR(10),Estado NVARCHAR(20), Fecha_inicio date, Fecha_fin date);
INSERT INTO PRESTAMOS VALUES ('0002','1002369615','En prestamo','2021-05-06','2021-08-04');
INSERT INTO PRESTAMOS VALUES ('0005','1029255346','En prestamo','2021-07-01','2021-09-29');
INSERT INTO PRESTAMOS VALUES ('0008','1002185200','En prestamo','2021-07-04','2021-10-02');
INSERT INTO PRESTAMOS VALUES ('0010','1022887174','En prestamo','2021-02-14','2021-05-15');
INSERT INTO PRESTAMOS VALUES ('0011','1023657363','En prestamo','2021-03-24','2021-06-22');
INSERT INTO PRESTAMOS VALUES ('0016','1002387168','En prestamo','2021-08-15','2021-11-13');
INSERT INTO PRESTAMOS VALUES ('0021','1020496949','En prestamo','2021-02-17','2021-05-18');
INSERT INTO PRESTAMOS VALUES ('0024','1027538685','En prestamo','2021-08-29','2021-11-27');
INSERT INTO PRESTAMOS VALUES ('0027','1008070647','En prestamo','2021-03-30','2021-06-28');
INSERT INTO PRESTAMOS VALUES ('0032','1024561098','En prestamo','2021-03-07','2021-06-05');
INSERT INTO PRESTAMOS VALUES ('0036','1019574644','En prestamo','2021-05-02','2021-07-31');
INSERT INTO PRESTAMOS VALUES ('0037','1002991869','En prestamo','2021-03-03','2021-06-01');
INSERT INTO PRESTAMOS VALUES ('0038','1013161246','En prestamo','2021-03-09','2021-06-07');
INSERT INTO PRESTAMOS VALUES ('0042','1000136763','En prestamo','2021-06-16','2021-09-14');
INSERT INTO PRESTAMOS VALUES ('0043','1012656932','En prestamo','2021-02-08','2021-05-09');
INSERT INTO PRESTAMOS VALUES ('0049','1010296670','En prestamo','2021-02-08','2021-05-09');
INSERT INTO PRESTAMOS VALUES ('0050','1008814251','En prestamo','2021-07-22','2021-10-20');
INSERT INTO PRESTAMOS VALUES ('0052','1001767137','En prestamo','2021-08-19','2021-11-17');
INSERT INTO PRESTAMOS VALUES ('0054','1008461018','En prestamo','2021-08-13','2021-11-11');
INSERT INTO PRESTAMOS VALUES ('0055','1010981420','En prestamo','2021-06-23','2021-09-21');
INSERT INTO PRESTAMOS VALUES ('0058','1024731869','En prestamo','2021-08-16','2021-11-14');
INSERT INTO PRESTAMOS VALUES ('0062','1028861917','En prestamo','2021-06-21','2021-09-19');
INSERT INTO PRESTAMOS VALUES ('0063','1029471542','En prestamo','2021-02-26','2021-05-27');
INSERT INTO PRESTAMOS VALUES ('0065','1000938939','En prestamo','2021-04-21','2021-07-20');
INSERT INTO PRESTAMOS VALUES ('0066','1023482721','En prestamo','2021-04-19','2021-07-18');
INSERT INTO PRESTAMOS VALUES ('0068','1023168897','En prestamo','2021-07-29','2021-10-27');
INSERT INTO PRESTAMOS VALUES ('0070','1009256872','En prestamo','2021-04-30','2021-07-29');
INSERT INTO PRESTAMOS VALUES ('0073','1020653919','En prestamo','2021-01-31','2021-05-01');
INSERT INTO PRESTAMOS VALUES ('0074','1031967972','En prestamo','2021-05-21','2021-08-19');
INSERT INTO PRESTAMOS VALUES ('0076','1020924874','En prestamo','2021-05-02','2021-07-31');
INSERT INTO PRESTAMOS VALUES ('0077','1005204211','En prestamo','2021-06-08','2021-09-06');
INSERT INTO PRESTAMOS VALUES ('0078','1023121965','En prestamo','2021-01-06','2021-04-06');
INSERT INTO PRESTAMOS VALUES ('0080','1007426372','En prestamo','2021-01-09','2021-04-09');
INSERT INTO PRESTAMOS VALUES ('0088','1014795189','En prestamo','2021-03-29','2021-06-27');
INSERT INTO PRESTAMOS VALUES ('0089','1027887442','En prestamo','2021-02-13','2021-05-14');
INSERT INTO PRESTAMOS VALUES ('0090','1002707882','En prestamo','2021-06-04','2021-09-02');
INSERT INTO PRESTAMOS VALUES ('0091','1032850206','En prestamo','2021-08-06','2021-11-04');
INSERT INTO PRESTAMOS VALUES ('0092','1023069055','En prestamo','2021-03-18','2021-06-16');
INSERT INTO PRESTAMOS VALUES ('0093','1028768732','En prestamo','2021-06-07','2021-09-05');
INSERT INTO PRESTAMOS VALUES ('0094','1027796900','En prestamo','2021-03-12','2021-06-10');
INSERT INTO PRESTAMOS VALUES ('0097','1002760019','En prestamo','2021-02-12','2021-05-13');
INSERT INTO PRESTAMOS VALUES ('0099','1011580591','En prestamo','2021-07-05','2021-10-03');

